{"cameraMode":{"drawMode":0,"name":"Shaded","section":"Shading Mode"},"sceneLighting":false,"audioPlay":false,"sceneViewState":{"m_AlwaysRefresh":false,"showFog":true,"showSkybox":false,"showFlares":true,"showImageEffects":true,"showParticleSystems":true,"showVisualEffectGraphs":true,"m_FxEnabled":true},"in2DMode":false,"pivot":{"x":14.679935455322266,"y":84.3503646850586,"z":52.4505615234375},"rotation":{"x":0.001034804037772119,"y":-0.8239880204200745,"z":0.5666268467903137,"w":0.0014620393048971892},"size":21.679250717163087,"orthographic":true}