{"cameraMode":{"drawMode":0,"name":"Shaded","section":"Shading Mode"},"sceneLighting":false,"audioPlay":false,"sceneViewState":{"m_AlwaysRefresh":false,"showFog":true,"showSkybox":false,"showFlares":true,"showImageEffects":true,"showParticleSystems":true,"showVisualEffectGraphs":true,"m_FxEnabled":true},"in2DMode":false,"pivot":{"x":0.3428666591644287,"y":1.7175744771957398,"z":0.22659802436828614},"rotation":{"x":0.036665938794612887,"y":0.8092546463012695,"z":0.050799041986465457,"w":-0.5841098427772522},"size":1.2967703342437745,"orthographic":false}