{"cameraMode":{"drawMode":0,"name":"Shaded","section":"Shading Mode"},"sceneLighting":false,"audioPlay":false,"sceneViewState":{"m_AlwaysRefresh":false,"showFog":true,"showSkybox":false,"showFlares":true,"showImageEffects":true,"showParticleSystems":true,"showVisualEffectGraphs":true,"m_FxEnabled":true},"in2DMode":false,"pivot":{"x":1.320340633392334,"y":2.3433785438537599,"z":1.9230453968048096},"rotation":{"x":0.07259174436330795,"y":-0.9097694754600525,"z":0.36696290969848635,"w":0.17996855080127717},"size":9.372130393981934,"orthographic":false}