{"cameraMode":{"drawMode":0,"name":"Shaded","section":"Shading Mode"},"sceneLighting":false,"audioPlay":false,"sceneViewState":{"m_AlwaysRefresh":false,"showFog":false,"showSkybox":false,"showFlares":false,"showImageEffects":false,"showParticleSystems":false,"showVisualEffectGraphs":true,"m_FxEnabled":true},"in2DMode":false,"pivot":{"x":0.33240342140197756,"y":1.573211908340454,"z":-0.2762249708175659},"rotation":{"x":-0.005580959841609001,"y":-0.8643714189529419,"z":-0.009596574120223523,"w":0.5027368068695068},"size":1.3633906841278077,"orthographic":false}