{"cameraMode":{"drawMode":0,"name":"Shaded","section":"Shading Mode"},"sceneLighting":false,"audioPlay":false,"sceneViewState":{"m_AlwaysRefresh":false,"showFog":true,"showSkybox":false,"showFlares":true,"showImageEffects":true,"showParticleSystems":true,"showVisualEffectGraphs":true,"m_FxEnabled":true},"in2DMode":false,"pivot":{"x":53.508644104003909,"y":79.37736511230469,"z":62.63571548461914},"rotation":{"x":0.5047996044158936,"y":0.09184049814939499,"z":-0.05410844832658768,"w":0.8566364049911499},"size":10.834131240844727,"orthographic":true}