{"cameraMode":{"drawMode":0,"name":"Shaded","section":"Shading Mode"},"sceneLighting":false,"audioPlay":false,"sceneViewState":{"m_AlwaysRefresh":false,"showFog":true,"showSkybox":false,"showFlares":true,"showImageEffects":true,"showParticleSystems":true,"showVisualEffectGraphs":true,"m_FxEnabled":true},"in2DMode":false,"pivot":{"x":-0.15546965599060059,"y":0.724222719669342,"z":1.6476584672927857},"rotation":{"x":0.10463305562734604,"y":-0.678889811038971,"z":0.09865593910217285,"w":0.7200207114219666},"size":1.5653455257415772,"orthographic":false}