{"cameraMode":{"drawMode":0,"name":"Shaded","section":"Shading Mode"},"sceneLighting":false,"audioPlay":false,"sceneViewState":{"m_AlwaysRefresh":false,"showFog":false,"showSkybox":false,"showFlares":false,"showImageEffects":false,"showParticleSystems":false,"showVisualEffectGraphs":true,"m_FxEnabled":true},"in2DMode":false,"pivot":{"x":-0.37654465436935427,"y":0.7502685189247131,"z":-0.8228106498718262},"rotation":{"x":-0.004231088794767857,"y":0.9940953254699707,"z":-0.04208492487668991,"w":-0.09994269162416458},"size":1.8234986066818238,"orthographic":false}