{"cameraMode":{"drawMode":0,"name":"Shaded","section":"Shading Mode"},"sceneLighting":false,"audioPlay":false,"sceneViewState":{"m_AlwaysRefresh":false,"showFog":true,"showSkybox":false,"showFlares":true,"showImageEffects":true,"showParticleSystems":true,"showVisualEffectGraphs":true,"m_FxEnabled":true},"in2DMode":false,"pivot":{"x":50.73058319091797,"y":56.40179443359375,"z":48.673561096191409},"rotation":{"x":-0.005799300968647003,"y":-0.9884412288665772,"z":0.14635661244392396,"w":-0.03916480764746666},"size":3.3380794525146486,"orthographic":false}