{"cameraMode":{"drawMode":0,"name":"Shaded","section":"Shading Mode"},"sceneLighting":false,"audioPlay":false,"sceneViewState":{"m_AlwaysRefresh":false,"showFog":true,"showSkybox":false,"showFlares":true,"showImageEffects":true,"showParticleSystems":true,"showVisualEffectGraphs":true,"m_FxEnabled":true},"in2DMode":false,"pivot":{"x":55.477638244628909,"y":56.42190933227539,"z":23.03729248046875},"rotation":{"x":-0.00010297051630914211,"y":0.9998832941055298,"z":-0.007808983325958252,"w":-0.01319850143045187},"size":28.431396484375,"orthographic":false}