{"cameraMode":{"drawMode":0,"name":"Shaded","section":"Shading Mode"},"sceneLighting":true,"audioPlay":false,"sceneViewState":{"m_AlwaysRefresh":false,"showFog":false,"showSkybox":true,"showFlares":true,"showImageEffects":true,"showParticleSystems":true,"showVisualEffectGraphs":true,"m_FxEnabled":true},"in2DMode":false,"pivot":{"x":915.9634399414063,"y":533.9273681640625,"z":-326.354736328125},"rotation":{"x":0.00002005209171329625,"y":-0.9999779462814331,"z":-0.003602060489356518,"w":-0.005703869741410017},"size":797.647216796875,"orthographic":false}