{"cameraMode":{"drawMode":0,"name":"Shaded","section":"Shading Mode"},"sceneLighting":false,"audioPlay":false,"sceneViewState":{"m_AlwaysRefresh":false,"showFog":true,"showSkybox":false,"showFlares":true,"showImageEffects":true,"showParticleSystems":true,"showVisualEffectGraphs":true,"m_FxEnabled":true},"in2DMode":false,"pivot":{"x":0.20694494247436524,"y":1.2758103609085084,"z":-0.33550024032592776},"rotation":{"x":0.05699503421783447,"y":-0.8530179858207703,"z":0.09534299373626709,"w":0.5099241733551025},"size":1.5653455257415772,"orthographic":false}